expanded_url,count
https://www.1933hob.com/,50
https://portal.pi.gov.br/sesapi/,14
https://diariodoestadogo.com.br/,10
https://www.manaus.am.gov.br/semsa/,8
https://www1.brasilemfolhas.com.br/,6
https://www.msn.com/pt-br,4
https://www.paranaportal.com.br/,4
https://www.campograndenews.com.br/cidades/capital/farmacias-da-capital-vao-receber-denuncias-e-notificar-casos-de-dengue,2
https://www.arca.fiocruz.br/,2
https://www.gov.br/saude/pt-br/assuntos/noticias/2021/agosto/ministerio-da-saude-realiza-projeto-piloto-para-implementar-plano-nacional-de-testagem-da-covid-19,2
https://ac24horas.com/2022/03/08/governo-recomenda-uso-de-mascara-a-populacao-mesmo-com-o-fim-da-obrigatoriedade/,2
https://www.ms.gov.br/defesa-civil-emite-alerta-de-temporal-e-queda-maior-que-5c-nas-temperaturas-em-municipios-da-regiao-sudoeste/,2
https://www.campograndenews.com.br/meio-ambiente/inverno-chega-no-dia-20-com-estiagem-e-temperaturas-abaixo-dos-5oc,2
https://www.campograndenews.com.br/brasil/cidades/transito-matou-10-pessoas-em-ms-no-fim-de-semana,2
https://www.campograndenews.com.br/cidades/capital/a-3-dias-do-fim-de-campanha-vacinacao-contra-gripe-ainda-nao-alcanca-meta,2
https://www.campograndenews.com.br/meio-ambiente/umidade-relativa-do-ar-fica-em-torno-de-20-nesta-semana-na-capital,2
https://midiamax.uol.com.br/cotidiano/2022/coloca-a-mascara-tira-mascara-confira-locais-em-que-uso-ainda-e-obrigatorio-em-mato-grosso-do-sul/,2
https://bacananews.com.br/estudo-aponta-que-no-mundo-o-risco-de-cancer-antes-dos-50-anos-cresceu-de-forma-expressiva/,2
https://midiamax.uol.com.br/policia/transito/2022/violencia-no-transito-tres-mulheres-morrem-em-campo-grande-em-4-dias/,2
https://midiamax.uol.com.br/cotidiano/2022/cresce-o-numero-de-mulheres-infectadas-pela-variola-dos-macacos-em-ms/,2
https://midiamax.uol.com.br/cotidiano/2022/mato-grosso-do-sul-tem-fila-de-64-pessoas-com-suspeita-de-variola-dos-macacos/,2
https://www.campograndenews.com.br/,2
https://agenciabrasil.ebc.com.br/saude/noticia/2022-10/gripe-se-aproxima-da-covid-19-como-principal-causadora-de-srag,2
https://midiamax.uol.com.br/cotidiano/2022/com-400-novos-casos-de-dengue-em-uma-semana-ms-tem-a-10a-maior-incidencia-do-pais/,2
https://www.campograndenews.com.br/cidades/capital/temporada-de-chuva-acende-alerta-para-novos-casos-de-dengue,2
https://midiamax.uol.com.br/policia/transito/2022/violento-transito-de-campo-grande-mata-quase-tres-vezes-mais-em-um-mes/,2
https://www.camara.leg.br/noticias/916812-comissao-debate-riscos-de-desabastecimento-de-medicamento-para-tratamento-do-hiv/,2
https://midiamax.uol.com.br/cotidiano/2022/com-mortes-superando-2021-dengue-segue-com-alta-incidencia-em-55-cidades-de-mato-grosso-do-sul/,2
https://www.gov.br/saude/pt-br/assuntos/noticias/2022/novembro/ministerio-da-saude-constata-reducao-de-casos-de-malaria-na-regiao-amazonica,2
https://midiamax.uol.com.br/cotidiano/2022/mato-grosso-do-sul-esta-em-alerta-de-chuvas-intensas-e-risco-de-alagamento/,2
https://www.campograndenews.com.br/direto-das-ruas/paciente-denuncia-abandono-de-casal-de-idosos-em-centro-regional-de-saude,2
https://agencia.fiocruz.br/infogripe-covid-19-apresenta-crescimento-em-todas-regioes,2
https://www.campograndenews.com.br/meio-ambiente/volume-de-chuva-atingiu-43-8-milimetros-na-capital-e-bateu-78-6-no-interior,2
https://jovempan.com.br/saude/mortes-por-dengue-crescem-400-em-2022-e-chegam-a-maior-patamar-registrado-nos-ultimos-seis-anos.html,2
https://midiamax.uol.com.br/cotidiano/2022/campo-grande-inicia-nova-etapa-da-operacao-contra-mosquito-da-dengue/,2
https://midiamax.uol.com.br/cotidiano/2023/defesa-civil-emite-alerta-para-chuvas-intensas-para-todas-as-regioes-de-ms/,2
https://www.noticiasaominuto.com/mundo/2212384/onu-pede-financiamento-para-travar-surto-de-colera-mais-mortal-no-malaui,2
https://www.avisite.com.br/para-ricardo-santin-gripe-aviaria-em-plantel-comercial-no-brasil-poderia-fechar-ate-cinco-mercados/,2
https://oestadoonline.com.br/economia/307147/,2
https://www.dm.com.br/cidades/casos-de-suicidio-aumentam-entre-jovens-121432,2
https://www.campograndenews.com.br/cidades/interior/monitoramento-de-ong-leva-a-acoes-contra-divulgacao-de-abuso-sexual-de-criancas,2
https://www.folhape.com.br/noticias/fiocruz-vai-produzir-100-milhoes-de-mosquitos-por-semana-com-bacteria/264278/,2
https://www.gazetaweb.com/noticias/maceio/n-de-casos-de-meningite-em-maceio-quase-dobra-no-1-trimestre,2
https://www.encurtador.dev/redirecionamento/hyREo,2
https://encurtador.com.br/kqvZ3,2
https://www.campograndenews.com.br/brasil/cidades/programa-de-prevencao-as-drogas-sera-estendido-aos-adolescentes-ainda-este-ano,2
https://www.campograndenews.com.br/meio-ambiente/ministerio-decreta-emergencia-ambiental-em-ms-de-abril-a-novembro,2
https://g1.globo.com/sp/sao-jose-do-rio-preto-aracatuba/noticia/2023/08/19/quase-100-alunos-da-rede-publica-sao-afastados-das-aulas-por-surto-de-sarna-humana-em-aracatuba.ghtml,2
https://www.cnnbrasil.com.br/saude/juiz-de-fora-registra-a-primeira-morte-por-febre-maculosa-no-ano-obitos-em-mg-chegam-a-13/,2
https://tribunadonorte.com.br/noticia/com-aproximaa-a-o-do-vera-o-sesap-alerta-para-prevena-a-o-das-arboviroses/573732,2
https://g1.globo.com/sp/sorocaba-jundiai/noticia/2023/10/20/jundiai-confirma-segunda-morte-por-febre-maculosa-em-2023.ghtml,2
https://www.campograndenews.com.br/meio-ambiente/fenomeno-el-nino-traz-nova-onda-de-calor-e-muita-chuva-em-dezembro,2
https://www.se.gov.br/noticias/saude/caminhada_da_saude_em_prol_do_enfrentamento_de_doencas_cronicas_mobiliza_populacao_da_capital_e_interior,2
https://odia.ig.com.br/rio-de-janeiro/2023/12/6756002-lei-preve-campanha-de-prevencao-a-exposicao-indevida-ao-sol-e-necessidade-do-acesso-ao-protetor-solar.html,2
https://oglobo.globo.com/saude/noticia/2023/12/29/dengue-brasil-bate-recorde-de-mortes-pela-doenca-em-2023.ghtml,2
https://www.campograndenews.com.br/brasil/cidades/com-estoque-zerado-saude-espera-doses-para-vacinar-criancas-contra-catapora,2
https://www.agazeta.com.br/es/cotidiano/febre-do-oropouche-casos-aumentam-e-es-ja-tem-50-registros-0524,2
https://www.jcnoticias.com.br/jc-noticias/noticias/situacao-da-dengue-e-outras-doencas-em-para-de-minas,2
https://www.campograndenews.com.br/meio-ambiente/frio-aparece-3-vezes-em-junho-e-ms-tera-inverno-com-temperaturas-abaixo-de-zero,2
https://www.rcn67.com.br/tres-lagoas/jpnews/saude-alerta-sobre-possibilidade-de-surto-de-chikungunya-em-tres/,2
https://www.opovo.com.br/noticias/brasil/2024/07/26/desnutricao-atinge-84-milhoes-de-brasileiros-mostra-onu.html,2
https://g1.globo.com/saude/noticia/2024/07/26/sus-vai-disponibilizar-dois-novos-medicamentos-para-a-doenca-falciforme.ghtml,2
https://www.cenariomt.com.br/agro/mapa-notifica-a-omsa-fim-do-foco-da-doenca-de-newcastle/,2
