short_url,expanded_url
https://bit.ly/3iPPwTA,https://www.paginasiete.bo/sociedad/2021/8/17/fiestas-conciertos-descontrol-presagian-una-pronta-cuarta-ola-304185.html
https://glo.bo/3xWIRvg,https://oglobo.globo.com/saude/medicina/novo-caso-da-variante-lambda-no-brasil-foi-identificado-em-sequenciamento-de-rotina-25159093
https://bit.ly/2Y1klNa,https://atarde.uol.com.br/coronavirus/noticias/2186358-queiroga-anuncia-aplicacao-de-terceira-dose-a-partir-do-dia-15-de-setembro
https://bit.ly/3zpFMFw,https://boletinaldia.sld.cu/aldia/2021/08/26/brasil-aplicara-tercera-dosis-de-refuerzo-contra-la-covid-19-a-partir-del-15-de-septiembre/
https://bit.ly/3C1XBes,https://vnexplorer.net/chile-autoridades-sanitarias-de-la-araucania-confirman-caso-sospechoso-de-lepra-ez2021452297.html
https://bit.ly/3tV4QSN,https://d.emtempo.com.br/amazonas/322571/amazonas-inicia-utilizacao-de-novo-medicamento-para-cura-de-malaria
https://bit.ly/39pV9SU,https://boletinaldia.sld.cu/aldia/2021/09/20/un-descubrimiento-facilita-la-busqueda-de-un-farmaco-que-impida-la-replicacion-del-sars-cov-2/
https://glo.bo/3atbzKM,https://oglobo.globo.com/rio/nao-consigo-comer-nem-dormir-diz-vitima-de-estupro-na-cadeia-por-agente-penitenciario-1-25233272
https://bit.ly/3GafCcI,https://boletinaldia.sld.cu/aldia/2021/12/04/paises-continuan-endureciendo-restricciones-ante-la-variante-omicron/
https://bit.ly/3GoEDkp,https://www.acomarca.com.br/2021/12/mogi-registra-mais-uma-morte-por.html
https://bit.ly/3EFwIyY,https://www.primeirapagina.to/noticias/encontro-vai-abordar-os-direitos-legais-de-mulheres-com-hivaids/
https://bit.ly/3lRots6,http://avoz.com.ar/ciudadanos/detectan-casos-de-dengue-en-formosa-y-advierten-que-en-2022-habra-mas-incidencia-en-argentina/
https://glo.bo/3pUgyM2,https://extra.globo.com/noticias/rio/influenza-japeri-na-baixada-fluminense-a-segunda-cidade-do-rio-considerar-viver-epidemia-25315077.html
https://glo.bo/3q21Xhx,https://extra.globo.com/noticias/rio/secretaria-estadual-de-saude-admite-que-regiao-metropolitana-do-rio-vive-uma-epidemia-de-influenza-25319534.html
https://glo.bo/3q5YvCD,https://extra.globo.com/noticias/rio/influenza-se-aproximou-da-covid-19-em-numero-de-mortes-na-cidade-do-rio-nas-ultimas-tres-semanas-25323294.html
https://glo.bo/3JvbhmO,https://oglobo.globo.com/brasil/chuvas-em-minas-gerais-seis-pessoas-morreram-92-cidades-ja-decretaram-situacao-de-emergencia-25336031
https://glo.bo/33em4RN,https://extra.globo.com/noticias/rio/covid-19-numero-de-pacientes-internados-aumentou-300-na-capital-em-duas-semanas-25345900.html
https://bit.ly/3Ig9Sza,https://jornal.brasilemfolhas.com.br/2022/01/covid-19-rio-inicia-hoje-vacinacao-de-criancas/
https://glo.bo/3qHnJZv,https://extra.globo.com/noticias/saude-e-ciencia/com-escassez-de-testes-saiba-como-medir-tempo-ideal-de-quarentena-25358758.html
https://glo.bo/3r9otH6,https://oglobo.globo.com/saude/estados-registram-aumento-de-85-no-numero-de-criancas-com-covid-19-internadas-em-utis-25370135
https://bit.ly/3qklKtg,https://tribunapr.uol.com.br/noticias/curitiba-regiao/curitiba-e-rmc-tem-alerta-laranja-de-tempestade-com-risco-de-queda-de-granizo/
https://bit.ly/3uAJWsG,https://www.primeirapagina.to/noticias/casos-notificados-de-dengue-e-diagn%C3%B3sticos-de-chikungunya-crescem-no-tocantins/
https://bit.ly/36kMinA,https://boletinaldia.sld.cu/aldia/2022/04/15/siguen-bajando-el-numero-de-casos-y-de-muertes-por-covid-19-en-el-mundo/
http://glo.bo/3kqyTOp,https://oglobo.globo.com/rio/temporal-alaga-ruas-provoca-desabamentos-deixa-pelo-menos-um-morto-no-rio-25496231
https://bit.ly/3wzeCvt,https://timbancavirtual.com.br/maislidas/2301875-brasil-53-casos-de-hepatite-infantil-misteriosa-foram-notificados-ao-ministerio-da-saude
https://bit.ly/3Py0pI7,https://tribunapr.uol.com.br/noticias/brasil/volta-a-escola-revela-aumento-dos-casos-de-abuso-sexual-contra-criancas-na-pandemia/
https://bit.ly/3wHku5Y,https://boletinaldia.sld.cu/aldia/2022/05/19/detectada-una-variante-recombinante-del-sars-cov-2-en-brasil/
https://bit.ly/3MSNcrH,https://www.tellerreport.com/news/2022-05-21-who--around-80-cases-of-monkeypox-have-been-detected-worldwide.Hyft2OnBv5.html
https://bit.ly/3mj7HlA,https://www.paginasiete.bo/sociedad/santa-cruz-registra-un-tercer-sospecho-de-viruela-del-mono-y-espera-resultados-de-argentina-FD2764465
https://bit.ly/3txgxjD,https://sapobrasil.com.br/atualidade/artigos/venezuela-relata-seu-primeiro-caso-de-variola-do-macaco
https://bit.ly/39WOG5R,https://visao.sapo.pt/atualidade/mundo/2022-06-21-mocambique-deteta-caso-suspeito-de-poliomielite/
https://bit.ly/3Ak8gnt,https://boletinaldia.sld.cu/aldia/2022/07/01/dos-ninos-menores-mueren-en-brasil-cada-dia-por-covid-19/
http://glo.bo/3cEbEzK,https://extra.globo.com/casos-de-policia/em-quatro-anos-quase-mil-criancas-foram-vitimas-de-estupro-por-padrastos-no-estado-do-rio-25545574.html
https://bit.ly/3zqHojF,https://www.primeirapagina.to/noticias/casos-de-hepatite-b-crescem-mais-de-26-no-tocantins/
http://glo.bo/3bFd6lk,https://extra.globo.com/casos-de-policia/policia-vai-investigar-se-mortes-em-casa-de-repouso-interditada-foram-causadas-por-maus-tratos-25553374.html
https://bit.ly/3dM9uPx,https://www.primeirapagina.to/noticias/mais-de-61-dos-casos-suspeitos-de-monkeypox-em-palmas-s%EF%BF%BDo-em-mulheres/
https://bit.ly/3Swsqk7,http://ribunadosertao.com.br/2022/07/cobertura-vacinal-atinge-niveis-criticos-e-ameaca-saude-coletiva/
https://bit.ly/3efp1HB,https://www.correiofrancisquense.com.br/noticias/meio_ambiente/falta_de_saneamento_causa_internacao_de_mais_de_270_mil_pessoas_por_ano_no_brasil.189883
https://bit.ly/3TavvXt,https://boletinaldia.sld.cu/aldia/2022/10/15/cuatro-emergencias-sanitarias-amenazan-a-america-advierte-la-organizacion-panamericana-de-la-salud/
http://glo.bo/3EUvanG,https://extra.globo.com/noticias/rio/niteroi-sera-primeira-cidade-do-sudeste-100-coberta-por-metodo-de-combate-dengue-conduzido-pela-fiocruz-25593010.html
http://glo.bo/3DDCqmC,https://extra.globo.com/noticias/saude-e-ciencia/variola-dos-macacos-tem-efeito-tragico-em-hiv-positivos-alerta-governo-americano-25598494.html
http://glo.bo/3mlx4GB,https://extra.globo.com/noticias/rio/doenca-invisivel-rj-tem-maior-taxa-de-mortalidade-infantil-por-sifilis-no-pais-25670474.html
https://bit.ly/3MKqmoN,https://capitaldeminas.com.br/noticias/pesquisa-identifica-locais-com-maior-risco-de-inundacao/
http://glo.bo/40PFUei,https://extra.globo.com/casos-de-policia/maioria-dos-usuarios-de-crack-nao-morre-devido-droga-sim-por-causa-da-violencia-7094126.html
https://shre.ink/Hd9d,https://clubenoticia.com.br/numero-de-casos-de-dengue-zika-e-chikungunya-nao-para-de-crescer-em-patos-de-minas-e-minas-gerais/
https://tinyurl.com/4yftz9wy,https://correiodoestado.com.br/cidades/cracolandia-de-campo-grande-funciona-em-avenida-movimentada-em-plena/418752/